{"tm": [563.4020021314775, 20.071300050191397], "dp": [9.108878423799677e-06, 0.9414269815945968], "ddp": [0.005182951823142016, 1.9557608983123766]}